{
  "timestamp": "2025-09-13 22:06:14",
  "scenarios": [
    {
      "scenario": "Mixed Office Documents",
      "file_count": 6,
      "duration": 14.908656249986961,
      "per_file": 2.4847760416644937,
      "total_chars": 148998
    },
    {
      "scenario": "Image Batch Processing",
      "file_count": 4,
      "duration": 2.343443457968533,
      "per_file": 0.5858608644921333,
      "total_chars": 4387
    },
    {
      "scenario": "PDF Document Processing",
      "file_count": 5,
      "duration": 16.478505334001966,
      "per_file": 3.295701066800393,
      "total_chars": 163432
    },
    {
      "scenario": "Small Text Files",
      "file_count": 5,
      "duration": 0.005301667028106749,
      "per_file": 0.0010603334056213498,
      "total_chars": 535
    }
  ],
  "summary": {
    "total_files": 20,
    "total_time": 33.73590670898557,
    "avg_per_file": 1.6867953354492784,
    "total_chars": 317352,
    "throughput": 9406.9503670839
  }
}
