{
	"by_extension": {
		"pdf": {
			"total_files": 2,
			"framework_stats": {
				"kreuzberg-python-sync": {
					"count": 2,
					"successful": 2,
					"success_rate": 1.0,
					"avg_duration_ms": 234.6118965,
					"median_duration_ms": 234.6118965,
					"p95_duration_ms": 268.601746,
					"avg_throughput_mbps": 1.2429190804319346,
					"avg_peak_memory_mb": 12.136448
				}
			}
		},
		"png": {
			"total_files": 1,
			"framework_stats": {
				"kreuzberg-python-sync": {
					"count": 1,
					"successful": 1,
					"success_rate": 1.0,
					"avg_duration_ms": 136.78896300000002,
					"median_duration_ms": 136.78896300000002,
					"p95_duration_ms": 136.78896300000002,
					"avg_throughput_mbps": 0.208240485016324,
					"avg_peak_memory_mb": 11.874304
				}
			}
		},
		"docx": {
			"total_files": 1,
			"framework_stats": {
				"kreuzberg-python-sync": {
					"count": 1,
					"successful": 1,
					"success_rate": 1.0,
					"avg_duration_ms": 138.25524000000001,
					"median_duration_ms": 138.25524000000001,
					"p95_duration_ms": 138.25524000000001,
					"avg_throughput_mbps": 0.10717134482570063,
					"avg_peak_memory_mb": 12.136448
				}
			}
		},
		"html": {
			"total_files": 1,
			"framework_stats": {
				"kreuzberg-python-sync": {
					"count": 1,
					"successful": 1,
					"success_rate": 1.0,
					"avg_duration_ms": 138.629457,
					"median_duration_ms": 138.629457,
					"p95_duration_ms": 138.629457,
					"avg_throughput_mbps": 0.010748076435154758,
					"avg_peak_memory_mb": 11.874304
				}
			}
		},
		"md": {
			"total_files": 1,
			"framework_stats": {
				"kreuzberg-python-sync": {
					"count": 1,
					"successful": 1,
					"success_rate": 1.0,
					"avg_duration_ms": 141.49689700000002,
					"median_duration_ms": 141.49689700000002,
					"p95_duration_ms": 141.49689700000002,
					"avg_throughput_mbps": 0.23958829287966646,
					"avg_peak_memory_mb": 12.136448
				}
			}
		}
	}
}
