{
	"by_extension": {
		"docx": {
			"total_files": 1,
			"framework_stats": {
				"kreuzberg-csharp-sync": {
					"count": 1,
					"successful": 1,
					"success_rate": 1.0,
					"avg_duration_ms": 1802.704305,
					"median_duration_ms": 1802.704305,
					"p95_duration_ms": 1802.704305,
					"avg_throughput_mbps": 0.008219318031750083,
					"avg_peak_memory_mb": 12.32896
				}
			}
		},
		"html": {
			"total_files": 1,
			"framework_stats": {
				"kreuzberg-csharp-sync": {
					"count": 1,
					"successful": 1,
					"success_rate": 1.0,
					"avg_duration_ms": 1806.0055639999998,
					"median_duration_ms": 1806.0055639999998,
					"p95_duration_ms": 1806.0055639999998,
					"avg_throughput_mbps": 0.0008250251437209858,
					"avg_peak_memory_mb": 12.32896
				}
			}
		},
		"png": {
			"total_files": 1,
			"framework_stats": {
				"kreuzberg-csharp-sync": {
					"count": 1,
					"successful": 1,
					"success_rate": 1.0,
					"avg_duration_ms": 1819.823612,
					"median_duration_ms": 1819.823612,
					"p95_duration_ms": 1819.823612,
					"avg_throughput_mbps": 0.015652615897589532,
					"avg_peak_memory_mb": 12.32896
				}
			}
		},
		"pdf": {
			"total_files": 2,
			"framework_stats": {
				"kreuzberg-csharp-sync": {
					"count": 2,
					"successful": 2,
					"success_rate": 1.0,
					"avg_duration_ms": 2394.8537884999996,
					"median_duration_ms": 2394.8537884999996,
					"p95_duration_ms": 2623.8389829999996,
					"avg_throughput_mbps": 0.11852823373839405,
					"avg_peak_memory_mb": 12.32896
				}
			}
		},
		"md": {
			"total_files": 1,
			"framework_stats": {
				"kreuzberg-csharp-sync": {
					"count": 1,
					"successful": 1,
					"success_rate": 1.0,
					"avg_duration_ms": 1860.5515160000002,
					"median_duration_ms": 1860.5515160000002,
					"p95_duration_ms": 1860.5515160000002,
					"avg_throughput_mbps": 0.018220941322218135,
					"avg_peak_memory_mb": 12.32896
				}
			}
		}
	}
}
